start_date,end_date,days,start_equity,end_equity,total_return,annualized_return,annualized_volatility,sharpe,max_drawdown,avg_exposure,avg_holdings,avg_turnover,transaction_cost
2025-01-03,2025-07-14,126,1.0,1.0547922203155238,0.054792220315523776,0.11258662803815245,0.21623664570462683,0.5206639590217406,-0.1785123264420518,0.6912698412698413,4.182539682539683,0.07407407407407408,0.0186666666666665
2025-01-06,2025-07-15,126,1.0,1.0846401636027905,0.08464016360279047,0.17644428450028804,0.21974619846010296,0.8029457880807126,-0.1785123264420518,0.6992063492063492,4.222222222222222,0.07724867724867727,0.0194666666666665
2025-01-07,2025-07-16,126,1.0179192127867784,1.0709297874875017,0.05207738888786184,0.10686683220910131,0.22055154923017517,0.48454355719610664,-0.1785123264420518,0.7071428571428571,4.261904761904762,0.07724867724867726,0.019466666666666497
2025-01-08,2025-07-17,126,1.0141866645995037,1.090238684172804,0.07498818731099455,0.15559960285817787,0.22056896522892053,0.7054464924232957,-0.1785123264420518,0.711111111111111,4.2936507936507935,0.07328042328042329,0.018466666666666496
2025-01-09,2025-07-18,126,1.0099586568684555,1.0938114992537529,0.08302601479282035,0.17294534871801837,0.22051443362978582,0.7842813092605558,-0.1785123264420518,0.715079365079365,4.325396825396825,0.07328042328042329,0.018466666666666496
2025-01-10,2025-07-21,126,1.0075401734947285,1.112497460983002,0.10417181393792108,0.21919539469495897,0.22160545403296442,0.989124548632964,-0.1785123264420518,0.719047619047619,4.357142857142857,0.07328042328042328,0.018466666666666496
2025-01-13,2025-07-22,126,1.0045232635537753,1.1163202955414109,0.1112936216052609,0.23497351342053685,0.22158600088551958,1.0604167794062669,-0.1785123264420518,0.719047619047619,4.388888888888889,0.07724867724867726,0.0194666666666665
2025-01-14,2025-07-23,126,1.0035187402902217,1.1144769399640164,0.11056913560149884,0.23336380495066034,0.22154670049941091,1.0533391128128349,-0.1785123264420518,0.719047619047619,4.420634920634921,0.07724867724867726,0.0194666666666665
2025-01-15,2025-07-24,126,1.0035187402902217,1.1207345532707185,0.11680480719931308,0.24725297738349483,0.22162771402421444,1.1156230098392868,-0.1785123264420518,0.723015873015873,4.4523809523809526,0.07328042328042328,0.0184666666666665
2025-01-16,2025-07-25,126,1.0035187402902217,1.1173986173034265,0.1134805683651412,0.23983897612675786,0.22169360011573064,1.081848894156416,-0.1785123264420518,0.726984126984127,4.484126984126984,0.07328042328042328,0.0184666666666665
2025-01-17,2025-07-28,126,1.0035187402902217,1.123465357872213,0.11952603650162241,0.25333854640503195,0.22177880970398456,1.1423027598676863,-0.1785123264420518,0.7309523809523809,4.515873015873016,0.07328042328042328,0.0184666666666665
2025-01-20,2025-07-29,126,1.0035187402902217,1.1576924445512484,0.15363310924959817,0.3308693507568954,0.22562361482868512,1.466465959284106,-0.1785123264420518,0.7388888888888888,4.5476190476190474,0.07724867724867726,0.0194666666666665
2025-01-21,2025-07-30,126,1.0081857484746786,1.1298299798088942,0.12065656702473304,0.25587114121566,0.22841731103960555,1.1201915478783226,-0.1785123264420518,0.7468253968253967,4.579365079365079,0.07724867724867725,0.0194666666666665
2025-01-22,2025-07-31,126,0.9972149117071124,1.1137547255512423,0.11686529400631174,0.24738808495580522,0.22936759051649913,1.0785660014072904,-0.1785123264420518,0.7515873015873016,4.611111111111111,0.07407407407407408,0.018666666666666498
2025-01-23,2025-08-01,126,0.9938727768561244,1.1158754881915645,0.12275485774081263,0.26057847058059247,0.22876065684650124,1.1390877879645234,-0.1785123264420518,0.7563492063492064,4.642857142857143,0.07407407407407408,0.0186666666666665
2025-01-24,2025-08-04,126,1.0073527148808603,1.12076268424459,0.11258218465926562,0.23783911762118426,0.22872583001177899,1.0398437186081517,-0.1785123264420518,0.7611111111111112,4.674603174603175,0.07407407407407408,0.018666666666666498
2025-01-27,2025-08-05,126,1.0071816509513538,1.132699350534881,0.12462270283117949,0.26477622372330756,0.22844402693380175,1.159042008132846,-0.1785123264420518,0.7619047619047619,4.7063492063492065,0.07804232804232805,0.019666666666666503
2025-02-05,2025-08-06,126,1.0003544753492477,1.1360558474757458,0.13565328638043184,0.2897083868666752,0.2284535559783003,1.2681281568416174,-0.1785123264420518,0.7626984126984127,4.738095238095238,0.07804232804232804,0.0196666666666665
2025-02-06,2025-08-07,126,1.0178850870635026,1.1281523616789926,0.10832978694441842,0.22839491662825995,0.2284659427982273,0.9996891170338238,-0.1785123264420518,0.7634920634920636,4.753968253968254,0.07380952380952381,0.0185999999999999
2025-02-07,2025-08-08,126,1.0130158296147962,1.14466264657956,0.12995534039662848,0.27679907129086057,0.22808541366137175,1.213576382844945,-0.1785123264420518,0.7642857142857143,4.76984126984127,0.07380952380952381,0.0185999999999999
2025-02-10,2025-08-11,126,1.0022689521480177,1.1601982452373227,0.15757177028265534,0.33997240335532064,0.22861338437200843,1.4871062964629602,-0.1785123264420518,0.7650793650793651,4.785714285714286,0.07380952380952381,0.0185999999999999
2025-02-11,2025-08-12,126,1.0049243716041298,1.1731178046063306,0.1673692446464592,0.3627509533464446,0.22842194338395005,1.5880740176380668,-0.1785123264420518,0.7658730158730159,4.801587301587301,0.07539682539682539,0.018999999999999902
2025-02-12,2025-08-13,126,1.0147989035438243,1.196314628708871,0.1788686650440472,0.38973132942273403,0.22988481179550982,1.6953330947736251,-0.1785123264420518,0.7666666666666666,4.809523809523809,0.0738095238095238,0.018600000000000002
2025-02-13,2025-08-14,126,1.0058897152634312,1.199158596896544,0.19213724795118092,0.4211912179526154,0.2295839381897148,1.8345848637049142,-0.1785123264420518,0.7674603174603175,4.817460317460317,0.07380952380952381,0.018600000000000002
2025-02-14,2025-08-15,126,1.0161870892436966,1.2071163032829575,0.1878878565376787,0.41107755970968074,0.2292391976780603,1.7932254338413416,-0.1785123264420518,0.7682539682539683,4.825396825396825,0.0738095238095238,0.018600000000000002
2025-02-17,2025-08-18,126,1.0198686449167091,1.2291139267629978,0.2051688547238133,0.45243196839630784,0.230118469991374,1.966082811228787,-0.1785123264420518,0.7690476190476191,4.833333333333333,0.07380952380952381,0.018600000000000002
2025-02-18,2025-08-19,126,1.0265345377424655,1.24411719875671,0.21195844174200684,0.46884326450971336,0.23058519269820946,2.0332756801228635,-0.1785123264420518,0.7738095238095238,4.841269841269841,0.07936507936507935,0.02
2025-02-19,2025-08-20,126,1.044579636923661,1.2493974683450488,0.19607679891653484,0.43059970890642485,0.23051137406753114,1.8680193576056485,-0.1785123264420518,0.7785714285714286,4.849206349206349,0.07936507936507936,0.019999999999999997
2025-02-20,2025-08-21,126,1.0446587846376143,1.2310277187420369,0.17840172967967982,0.3886306365120611,0.2305399768214388,1.6857407633603996,-0.1785123264420518,0.7833333333333333,4.857142857142857,0.07936507936507936,0.019999999999999997
2025-02-21,2025-08-22,126,1.053155008214676,1.2792467607262077,0.21468041337505084,0.47544850663698446,0.2365843591774128,2.0096362595147266,-0.1785123264420518,0.7880952380952381,4.865079365079365,0.07936507936507936,0.019999999999999997
2025-02-24,2025-08-25,126,1.04361453987,1.3677370443488934,0.31057683857036755,0.7176116497970992,0.25481413780567524,2.8162159916902243,-0.1785123264420518,0.7928571428571429,4.873015873015873,0.07936507936507936,0.019999999999999997
2025-02-25,2025-08-26,126,1.0229010408934804,1.3547418065889254,0.3244114068019617,0.7540655744671512,0.25485400797003005,2.958813873375798,-0.1785123264420518,0.7976190476190477,4.880952380952381,0.08253968253968254,0.020799999999999996
2025-02-26,2025-08-27,126,1.0384943944722955,1.3371252851295483,0.28756138910985674,0.6578143307265039,0.2538499959642676,2.5913505660212777,-0.1785123264420518,0.7976190476190477,4.888888888888889,0.07777777777777778,0.0196
2025-02-27,2025-08-28,126,1.0398576444911105,1.416331933268535,0.3620440651389978,0.8551640353803664,0.2656407684672219,3.2192499679727713,-0.1785123264420518,0.7976190476190477,4.896825396825397,0.07777777777777778,0.019599999999999996
2025-02-28,2025-08-29,126,1.0130177229859754,1.3988477409754425,0.38087193267674824,0.9068072944544179,0.2664691179348783,3.4030483587821614,-0.1785123264420518,0.7976190476190477,4.904761904761905,0.07777777777777778,0.019599999999999996
2025-03-03,2025-09-01,126,1.0192303461574488,1.4487222607892791,0.4213884685155196,1.0203451784288942,0.2674726165630449,3.814765008620584,-0.1785123264420518,0.7976190476190477,4.912698412698413,0.07777777777777778,0.0196
2025-03-04,2025-09-02,126,1.025189268556492,1.3673126458007747,0.3337172829813233,0.7788017909230833,0.2801155152117641,2.7802879477572606,-0.1785123264420518,0.7976190476190477,4.920634920634921,0.08095238095238096,0.020399999999999998
2025-03-05,2025-09-03,126,1.043599046646436,1.4398197720480606,0.3796675808346741,0.9034826336062021,0.28898952375033027,3.126350816740185,-0.1785123264420518,0.7976190476190477,4.928571428571429,0.08095238095238096,0.020399999999999998
2025-03-06,2025-09-04,126,1.0541065507211609,1.3692611213435035,0.2989779073156613,0.6873436036941749,0.29727001235149136,2.3121861443644756,-0.1785123264420518,0.7976190476190477,4.936507936507937,0.08095238095238096,0.020399999999999998
2025-03-07,2025-09-05,126,1.0777745141440815,1.45369815808618,0.34879618974905857,0.8192511614815785,0.3086228818833246,2.654537980081781,-0.1785123264420518,0.7976190476190477,4.944444444444445,0.08095238095238096,0.020399999999999998
2025-03-10,2025-09-08,126,1.071475680469511,1.4279750934967372,0.3327181563943771,0.7761376843832273,0.3086763331611916,2.5144061951064,-0.1785123264420518,0.7976190476190477,4.9523809523809526,0.08095238095238096,0.020399999999999998
2025-03-11,2025-09-09,126,1.0667593904170576,1.4127472394716825,0.3243354144924455,0.7538642900788775,0.3090090503411227,2.439618804842991,-0.1785123264420518,0.7976190476190477,4.9603174603174605,0.08412698412698413,0.021199999999999997
2025-03-12,2025-09-10,126,1.06630104602347,1.4948883139209754,0.40193833579721705,0.9654310973778706,0.3186687143697697,3.0295760262729314,-0.1785123264420518,0.8015873015873016,4.968253968253968,0.08015873015873017,0.0202
2025-03-13,2025-09-11,126,1.0548522050626123,1.6000969652538797,0.5168920893130271,1.3009616106204405,0.3325049096919731,3.912608724561779,-0.1785123264420518,0.8055555555555556,4.976190476190476,0.08015873015873015,0.0202
2025-03-14,2025-09-12,126,1.064613585187038,1.5935676394861729,0.4968507462791816,1.240562156636543,0.33206899098845993,3.735856675276419,-0.1785123264420518,0.8095238095238095,4.984126984126984,0.08015873015873017,0.0202
2025-03-17,2025-09-15,126,1.070023772695771,1.5534138924886942,0.4517564302100421,1.1075967326562046,0.3344123082563276,3.3120692788832096,-0.1785123264420518,0.8134920634920635,4.992063492063492,0.08015873015873015,0.0202
2025-03-18,2025-09-16,126,1.1106018890026867,1.6025835941040711,0.44298655528416275,1.082210198730854,0.33679338084960553,3.2132763298400833,-0.1785123264420518,0.8174603174603174,5.0,0.08333333333333334,0.020999999999999998
2025-03-19,2025-09-17,126,1.1185249244401652,1.611335956018533,0.44059012080130944,1.0752998961503315,0.33323048585952464,3.226895322547502,-0.1785123264420518,0.8174603174603174,5.0,0.07936507936507937,0.02
2025-03-20,2025-09-18,126,1.1279915460916137,1.714775262473267,0.5202022288330126,1.3110148165488593,0.34410123823848515,3.809968319963552,-0.1785123264420518,0.8174603174603174,5.0,0.07936507936507937,0.02
2025-03-21,2025-09-19,126,1.1177947257546346,1.689568574083561,0.5115195439331817,1.2846913316919735,0.34499631415045223,3.7237827738986278,-0.1785123264420518,0.8174603174603174,5.0,0.07936507936507937,0.02
2025-03-24,2025-09-22,126,1.1383302693870665,1.7399788992904606,0.5285360901694651,1.3364225789505553,0.3465247509223263,3.8566439349381856,-0.1785123264420518,0.8174603174603174,5.0,0.07936507936507937,0.02
2025-03-25,2025-09-23,126,1.1344010654467576,1.822949649678123,0.6069710309732446,1.5823558943872125,0.35142294913330985,4.502710760039057,-0.1785123264420518,0.8174603174603174,5.0,0.08253968253968255,0.0208
2025-03-26,2025-09-24,126,1.1432886282392696,1.837277100556784,0.6070107365506616,1.5824835073891,0.3513051755118251,4.504583529358886,-0.1785123264420518,0.8174603174603174,5.0,0.08253968253968254,0.0208
2025-03-27,2025-09-25,126,1.1181203607029548,1.823679170566396,0.6310222357634745,1.6602335335548828,0.3516346941038622,4.721472486626989,-0.1785123264420518,0.8174603174603174,5.0,0.08253968253968254,0.0208
2025-03-28,2025-09-26,126,1.090130893601834,1.7586737935960113,0.6132684652072251,1.6026351408320756,0.35416338117945606,4.525129434598473,-0.1785123264420518,0.8174603174603174,5.0,0.08253968253968254,0.0208
2025-03-31,2025-09-29,126,1.07218721884132,1.8155919043904956,0.6933534297793162,1.8674458381453736,0.354030191507445,5.27482085692712,-0.1785123264420518,0.8174603174603174,5.0,0.08253968253968254,0.0208
2025-04-01,2025-09-30,126,1.072090254988714,1.79651155041809,0.6757092437492609,1.8080014695867197,0.3534308526754092,5.115573402549516,-0.1785123264420518,0.8174603174603174,5.0,0.08571428571428572,0.021599999999999998
2025-04-02,2025-10-09,126,1.0698231727074692,1.8264683678279756,0.7072619236743738,1.9147432760283234,0.35379820759263925,5.411964320161128,-0.1785123264420518,0.8174603174603174,5.0,0.08571428571428572,0.021599999999999998
2025-04-03,2025-10-10,126,1.052285350547535,1.8223413849811552,0.7317939321619726,1.9991102234730271,0.35380367220567815,5.650337688724938,-0.1785123264420518,0.8174603174603174,5.0,0.08888888888888888,0.022399999999999996
2025-04-07,2025-10-13,126,0.953180816563284,1.8094230382817655,0.8982998890028895,2.6035424685883823,0.35294734592774324,7.376574717525684,-0.1785123264420518,0.8174603174603174,5.0,0.08888888888888889,0.022399999999999996
2025-04-08,2025-10-14,126,0.9512744549301576,1.7932884045722606,0.8851430260512183,2.5537642286695443,0.32453242377040337,7.869057270148925,-0.1785123264420518,0.8134920634920635,5.0,0.09444444444444444,0.023799999999999995
2025-04-09,2025-10-15,126,0.9512744549301576,1.8427296401672089,0.937116707609374,2.7524211388993813,0.32588425869153237,8.446008254435823,-0.1785123264420518,0.8174603174603174,5.0,0.0865079365079365,0.021799999999999996
2025-04-10,2025-10-16,126,0.9512744549301576,1.8786373486213117,0.9748636567343132,2.900086462690023,0.3263857865446738,8.885455746686064,-0.1785123264420518,0.8214285714285714,5.0,0.0865079365079365,0.021799999999999996
2025-04-11,2025-10-17,126,0.9512744549301576,1.8501981300601689,0.9449677435057477,2.78289952327784,0.32760172444745517,8.49476457418403,-0.1785123264420518,0.8253968253968254,5.0,0.0865079365079365,0.021799999999999996
2025-04-14,2025-10-20,126,0.9512744549301576,1.879719307068317,0.9760010345345871,2.9045800884817585,0.327836517294356,8.859843047544977,-0.1785123264420518,0.8293650793650794,5.0,0.08650793650793649,0.0218
2025-04-15,2025-10-21,126,0.9512744549301576,1.893608819646808,0.9906019864538844,2.9624962684741507,0.32774794174305183,9.038946980776744,-0.1785123264420518,0.8333333333333334,5.0,0.09126984126984125,0.023
2025-04-16,2025-10-22,126,0.9512744549301576,1.8784151864051268,0.974630115073404,2.899164091354805,0.3282209937364974,8.832963602816687,-0.1785123264420518,0.8373015873015873,5.0,0.09126984126984126,0.023
2025-04-17,2025-10-23,126,0.9512744549301576,1.8577013017065596,0.9528552376011734,2.8136435790263357,0.3289656569055905,8.55300095910565,-0.1785123264420518,0.8412698412698413,5.0,0.09126984126984126,0.023
2025-04-18,2025-10-24,126,0.9512744549301576,1.8808616337193569,0.9772018726787417,2.9093272453243233,0.32901467581011073,8.842545513086558,-0.1785123264420518,0.8452380952380952,5.0,0.09126984126984126,0.023
2025-04-21,2025-10-27,126,0.9512744549301576,1.910981326361235,1.0088643361095393,3.03553592089282,0.3292391747593426,9.219850350772035,-0.1785123264420518,0.8492063492063492,5.0,0.09126984126984126,0.023
2025-04-22,2025-10-28,126,0.9471371066267232,1.9057845546646417,1.0121527721072927,3.048758778299063,0.3293566454585897,9.256709467799052,-0.1785123264420518,0.8531746031746031,5.0,0.09444444444444444,0.023799999999999998
2025-04-23,2025-10-29,126,0.9534789812071622,1.940190184867955,1.0348536497485834,3.1406293758951307,0.3294955494225095,9.531629126401118,-0.1785123264420518,0.8539682539682539,5.0,0.09126984126984128,0.023
2025-04-24,2025-10-30,126,0.9508072379532672,1.929186715427594,1.0289987690674423,3.1168360048771957,0.32989753646082065,9.44789111890612,-0.1785123264420518,0.8547619047619048,5.0,0.09126984126984128,0.022999999999999996
2025-04-25,2025-10-31,126,0.9491431993741836,1.9312812362378344,1.0347627602570637,3.140259490528945,0.32973969712092466,9.523449915031993,-0.1785123264420518,0.8555555555555555,5.0,0.09126984126984128,0.022999999999999996
2025-04-28,2025-11-03,126,0.9481133148102504,1.9543462710876365,1.0613003114282469,3.2489589738941875,0.32967239309540136,9.8551138704356,-0.1785123264420518,0.8563492063492064,5.0,0.09126984126984128,0.022999999999999996
2025-04-29,2025-11-04,126,0.9629104312986716,1.9643365386248144,1.0399992302248977,3.161596859318175,0.3295230272412743,9.59446411313549,-0.1785123264420518,0.8563492063492064,5.0,0.09333333333333335,0.02352
2025-04-30,2025-11-05,126,0.9648927050540584,1.9854929525452432,1.0577344425399144,3.234271036015053,0.32931167063207667,9.82130706089837,-0.1785123264420518,0.8515873015873017,5.0,0.08857142857142859,0.02232
2025-05-06,2025-11-06,126,0.9812432385224594,1.9996986180957668,1.0379234623892861,3.153132038556736,0.32926879177550294,9.576164268572882,-0.1785123264420518,0.8468253968253969,5.0,0.08857142857142859,0.02232
2025-05-07,2025-11-07,126,0.9864468251344176,2.0110366409124385,1.0386670519603585,3.1561633487487386,0.32890284809586695,9.596035324780148,-0.1785123264420518,0.8420634920634923,5.0,0.08857142857142858,0.02232
2025-05-08,2025-11-10,126,0.9993955649600426,1.9970495638545265,0.9982573806342354,2.9930325592591958,0.32940189898152705,9.086263826994651,-0.1785123264420518,0.8373015873015875,5.0,0.08857142857142859,0.02232
2025-05-09,2025-11-11,126,0.9879867714540684,1.9719551443397445,0.995932740513845,2.9837475046551076,0.3302498922159869,9.03481749724147,-0.1785123264420518,0.8373015873015875,5.0,0.09460317460317462,0.0238399999999999
2025-05-12,2025-11-12,126,0.9980565842561656,1.908011380845122,0.911726660535114,2.654698824600739,0.3337255897007612,7.954735586746897,-0.1785123264420518,0.8373015873015875,5.0,0.0946031746031746,0.0238399999999999
2025-05-13,2025-11-13,126,0.9967734650403336,1.9095172946195216,0.9156983623578447,2.6699002155405283,0.33372146057851815,8.000385144282182,-0.1785123264420518,0.8373015873015874,5.0,0.0946031746031746,0.0238399999999999
2025-05-14,2025-11-14,126,1.002124455733158,1.8980279205483668,0.8940041924830211,2.5872518811432608,0.3339769136689505,7.746798581736205,-0.1785123264420518,0.8373015873015874,5.0,0.09460317460317462,0.0238399999999999
2025-05-15,2025-11-17,126,0.98651928748938,1.9109480328260735,0.9370609952181448,2.7522052991955097,0.33398328436260993,8.24054803954621,-0.1785123264420518,0.8373015873015873,5.0,0.09460317460317462,0.0238399999999999
2025-05-16,2025-11-18,126,0.9906222859102868,1.8701788064543223,0.8878828318866332,2.564101586932294,0.3348030224634373,7.65853775173822,-0.1785123264420518,0.8373015873015873,5.0,0.09777777777777778,0.024639999999999898
2025-05-19,2025-11-19,126,0.9837833216128417,1.8542955940273371,0.8848617915044072,2.5527039730732035,0.3353637236904628,7.611747463268634,-0.1785123264420518,0.8373015873015873,5.0,0.0977777777777778,0.024639999999999898
2025-05-20,2025-11-20,126,0.986256525473419,1.8365636992740528,0.8621561955115813,2.4676256964821666,0.335576620892866,7.353389785964752,-0.1785123264420518,0.8373015873015873,5.0,0.0977777777777778,0.0246399999999999
2025-05-21,2025-11-21,126,0.9897724020731912,1.74725072231487,0.7653055577777823,2.1163037123211272,0.344018107193371,6.15172186599923,-0.1785123264420518,0.8412698412698413,5.0,0.09222222222222225,0.023239999999999896
2025-05-22,2025-11-24,126,0.9908895581873456,1.7567876395053243,0.7729399053503518,2.1433159079837147,0.34401505990467107,6.230296745083318,-0.1785123264420518,0.8452380952380952,5.0,0.09222222222222223,0.0232399999999999
2025-05-23,2025-11-25,126,0.985818653299386,1.8115842783292888,0.8376445528456884,2.37693750260343,0.34597479886686366,6.870261968179109,-0.1785123264420518,0.8492063492063492,5.0,0.09539682539682542,0.024039999999999895
2025-05-26,2025-11-26,126,0.9765857500606354,1.813904007994966,0.8573934832474692,2.449910551610167,0.34571660271279087,7.086470630528167,-0.1785123264420518,0.8531746031746031,5.0,0.09539682539682541,0.024039999999999898
2025-05-27,2025-11-27,126,0.9675030933636262,1.8187054351176852,0.8797928891315114,2.533621306029395,0.34512592811023945,7.341150286512552,-0.1785123264420518,0.8571428571428571,5.0,0.09539682539682541,0.024039999999999898
2025-05-28,2025-11-28,126,0.9539121079085978,1.8489555223239809,0.9382870885009718,2.756956837449574,0.3448827819710132,7.993895264047398,-0.1785123264420518,0.8571428571428571,5.0,0.08825396825396827,0.0222399999999999
2025-05-29,2025-12-01,126,0.9514780822433168,1.8568742888693632,0.9515681165154932,2.8086181133998296,0.34378173477323176,8.169771192912487,-0.1785123264420518,0.8571428571428571,5.0,0.08825396825396828,0.022239999999999895
2025-05-30,2025-12-02,126,0.9511824039990908,1.846597864929504,0.941370926507666,2.768921074289233,0.34394763143438534,8.05041471790876,-0.1785123264420518,0.8571428571428571,5.0,0.09460317460317462,0.0238399999999999
2025-06-03,2025-12-03,126,0.9670585369621892,1.834039286173796,0.8965132058448542,2.5967623399439264,0.3442885627585311,7.542400825452868,-0.1785123264420518,0.8571428571428571,5.0,0.09460317460317462,0.0238399999999999
2025-06-04,2025-12-04,126,0.9715532476022696,1.8161580682350087,0.8693345657761622,2.494411718805553,0.34457737900149915,7.239046643264126,-0.1785123264420518,0.8571428571428571,5.0,0.09460317460317462,0.0238399999999999
2025-06-05,2025-12-05,126,0.977406440634428,1.859117674928712,0.902092719710309,2.61795671437496,0.3455499531470859,7.57620335506342,-0.1785123264420518,0.8571428571428571,5.0,0.09142857142857144,0.0230399999999999
2025-06-06,2025-12-08,126,0.981650500567432,1.8673083029150688,0.9022129585180187,2.618414139553874,0.34555160411172037,7.577490911335239,-0.1785123264420518,0.8571428571428571,5.0,0.09142857142857144,0.023039999999999904
2025-06-09,2025-12-09,126,0.9751523838467856,1.8871698500469072,0.9352563571678827,2.7452171679587036,0.3456273510385963,7.942708121071542,-0.1785123264420518,0.8571428571428571,5.0,0.09460317460317462,0.0238399999999999
2025-06-10,2025-12-10,126,0.9779692157165064,1.888548323356636,0.9310917900140614,2.7291155014597117,0.34526953640648556,7.904304358455552,-0.1785123264420518,0.8571428571428571,5.0,0.0946031746031746,0.0238399999999999
2025-06-11,2025-12-11,126,0.9814217752331588,1.8761146791813128,0.911629359085292,2.654326806516844,0.3456700203298813,7.678788007081885,-0.1785123264420518,0.8571428571428571,5.0,0.09142857142857144,0.023039999999999897
2025-06-12,2025-12-12,126,0.9739153563596183,1.908661500876551,0.9597817083518474,2.8407443443904854,0.3460668367058288,8.208658106136983,-0.1785123264420518,0.8571428571428571,5.0,0.09142857142857144,0.0230399999999999
2025-06-13,2025-12-15,126,0.954686661703478,1.8918647610338937,0.981660409561163,2.926977978822116,0.3461583315524367,8.455604594854977,-0.1785123264420518,0.8571428571428571,5.0,0.09142857142857144,0.023039999999999897
2025-06-16,2025-12-16,126,0.9568231499583284,1.830751883755655,0.9133649555149119,2.660965452992581,0.34843601893073284,7.636883985640893,-0.1785123264420518,0.8571428571428571,5.0,0.09460317460317462,0.0238399999999999
2025-06-17,2025-12-17,126,0.9535903256689198,1.869546811757952,0.9605345832829328,2.8436958522483833,0.34911205113310534,8.145510425717651,-0.1785123264420518,0.8571428571428571,5.0,0.0946031746031746,0.0238399999999999
2025-06-18,2025-12-18,126,0.9566222234221792,1.863311612696891,0.9478029749624257,2.793936429272476,0.34910982322578427,8.00303011658746,-0.1785123264420518,0.8571428571428571,5.0,0.09460317460317462,0.0238399999999999
2025-06-19,2025-12-19,126,0.9420976800546988,1.8601220301985857,0.9744470977686579,2.898441341887076,0.3492447572953081,8.299169225427383,-0.1785123264420518,0.8571428571428571,5.0,0.0946031746031746,0.0238399999999999
2025-06-20,2025-12-22,126,0.9391975154175356,1.8805445884251328,1.0022887172876582,3.009160107377456,0.3480837119098062,8.644932251691154,-0.1785123264420518,0.8571428571428571,5.0,0.09460317460317462,0.0238399999999999
2025-06-23,2025-12-23,126,0.950558236218032,1.895894991704024,0.9945069323129379,2.978057903044366,0.3478743252607173,8.560729225453576,-0.1685754474074087,0.8571428571428571,5.0,0.09777777777777778,0.024639999999999898
2025-06-24,2025-12-24,126,0.9656615233152126,1.9122381223930276,0.9802364246927049,2.921336297679747,0.3477834991745755,8.399870334887094,-0.1553650587757642,0.8571428571428571,5.0,0.0977777777777778,0.0246399999999999
2025-06-25,2025-12-25,126,0.9803791392235128,1.9260351054284848,0.9645818932397494,2.8595820152454783,0.34749475497736604,8.22913720073771,-0.1445966308659518,0.8571428571428571,5.0,0.0946031746031746,0.0238399999999999
2025-06-26,2025-12-26,126,0.9779729444885156,1.922647802739742,0.9659519351481607,2.864967011312798,0.34738932649177723,8.247135973478484,-0.1445966308659518,0.8571428571428571,5.0,0.09460317460317462,0.0238399999999999
2025-06-27,2025-12-29,126,0.988410458280571,1.90404985180368,0.9263756629163415,2.7109231946763743,0.34787238988518815,7.792866791098563,-0.1354672530918286,0.8571428571428571,5.0,0.09460317460317462,0.0238399999999999
2025-06-30,2025-12-30,126,1.0061836308804764,1.91054551145067,0.8988040083486728,2.6054566621209867,0.34780843539374123,7.491068062140139,-0.1311691260274029,0.8571428571428571,5.0,0.09460317460317462,0.0238399999999999
2025-07-01,2025-12-31,126,1.0106017751562248,1.8992272741194536,0.879303322840354,2.5317809792387957,0.34772014044207605,7.281088107292264,-0.1311691260274029,0.8571428571428571,5.0,0.09460317460317462,0.023839999999999903
2025-07-02,2026-01-05,126,0.9978038015606364,1.901736333949418,0.9059221171286043,2.632539116559981,0.34776292888562227,7.569924502866756,-0.1311691260274029,0.8571428571428571,5.0,0.09460317460317462,0.023839999999999903
2025-07-03,2026-01-06,126,1.019111012739416,1.9406244197518412,0.9042326061567678,2.626101818350596,0.3474759873538305,7.5576497770375966,-0.1311691260274029,0.8571428571428571,5.0,0.0977777777777778,0.0246399999999999
2025-07-04,2026-01-07,126,1.0030168179632275,1.978799631170328,0.9728479081622683,2.892128868740238,0.34733079758952096,8.326727398813004,-0.1311691260274029,0.8571428571428571,5.0,0.0977777777777778,0.0246399999999999
2025-07-07,2026-01-08,126,1.0017119430303612,1.9887328382285012,0.9853340594225342,2.9415513275031584,0.3460117695709338,8.501304250866323,-0.1311691260274029,0.8571428571428571,5.0,0.0977777777777778,0.0246399999999999
2025-07-08,2026-01-09,126,1.036659932232011,2.025606275397136,0.953973730841362,2.8180133408181116,0.3463395678823887,8.13656192403365,-0.1311691260274029,0.8571428571428571,5.0,0.0977777777777778,0.0246399999999999
2025-07-09,2026-01-12,126,1.0423760963444593,2.070640042898465,0.9864615565917676,2.9460295158169885,0.3446713370463642,8.547358596925328,-0.1311691260274029,0.8571428571428571,5.0,0.09142857142857144,0.023039999999999897
2025-07-10,2026-01-13,126,1.0532934267106189,2.0390685583489123,0.9358979242060006,2.747700772945102,0.3459367348033463,7.942784031037005,-0.1311691260274029,0.8571428571428571,5.0,0.09460317460317462,0.023839999999999896
2025-07-11,2026-01-14,126,1.052565169875808,2.0510716449654742,0.9486409997848206,2.7972017460423855,0.34586714017829623,8.087503613672043,-0.1311691260274029,0.8571428571428571,5.0,0.0946031746031746,0.0238399999999999
2025-07-14,2026-01-15,126,1.0547922203155238,2.079223778980543,0.9712164528086653,2.885694303823577,0.3459440053686629,8.341506888516172,-0.1311691260274029,0.8571428571428571,5.0,0.09460317460317462,0.0238399999999999
2025-07-15,2026-01-16,126,1.0846401636027905,2.132410025030684,0.9660068809802995,2.8651830560618854,0.3470413933308367,8.256026834615918,-0.1311691260274029,0.8571428571428571,5.0,0.09460317460317462,0.0238399999999999
2025-07-16,2026-01-19,126,1.0709297874875017,2.1930062187268953,1.0477591008761524,3.193317335221108,0.34705687513244243,9.201135502653527,-0.1311691260274029,0.8571428571428571,5.0,0.09142857142857144,0.023039999999999897
2025-07-17,2026-01-20,126,1.090238684172804,2.213645726972564,1.0304230248921336,3.1226176600121214,0.3460971941425632,9.022372075995113,-0.1311691260274029,0.8571428571428571,5.0,0.09142857142857144,0.023039999999999897
2025-07-18,2026-01-21,126,1.0938114992537529,2.2486728807206315,1.0558138968686803,3.2263707785583886,0.3459578992012913,9.325905799541133,-0.1311691260274029,0.8571428571428571,5.0,0.09142857142857143,0.0230399999999999
2025-07-21,2026-01-22,126,1.112497460983002,2.2096702350255355,0.9862249690647134,2.9450896277361216,0.34749817782920267,8.475122506062895,-0.1311691260274029,0.8571428571428571,5.0,0.09142857142857143,0.0230399999999999
2025-07-22,2026-01-23,126,1.1163202955414109,2.316936003406814,1.0755118514468194,3.3077494454962038,0.3523273081528656,9.388285747243463,-0.1311691260274029,0.8571428571428571,5.0,0.09142857142857143,0.0230399999999999
2025-07-23,2026-01-26,126,1.1144769399640164,2.3408818675291587,1.1004309587641532,3.4118102125349,0.352357674941309,9.682803739419592,-0.1311691260274029,0.8611111111111112,5.0,0.08746031746031746,0.0220399999999999
2025-07-24,2026-01-27,126,1.1207345532707185,2.3364675720610357,1.084764465628688,3.346242877148069,0.3523681951756967,9.496438449785675,-0.1311691260274029,0.8650793650793651,5.0,0.08746031746031746,0.0220399999999999
2025-07-25,2026-01-28,126,1.1173986173034265,2.350015253283716,1.1031127270901,3.4230831428483572,0.3523677473899678,9.714518903059558,-0.1311691260274029,0.8690476190476191,5.0,0.08746031746031746,0.0220399999999999
2025-07-28,2026-01-29,126,1.123465357872213,2.281219327383982,1.0305203995826777,3.123013093121397,0.35565985743658957,8.780898456267861,-0.1311691260274029,0.873015873015873,5.0,0.08746031746031746,0.0220399999999999
2025-07-29,2026-01-30,126,1.1576924445512484,2.2164701686979775,0.9145587233724572,2.6655351052415734,0.3589288591816296,7.426360508650898,-0.1311691260274029,0.876984126984127,5.0,0.08746031746031746,0.0220399999999999
2025-07-30,2026-02-02,126,1.1298299798088942,2.1550141959670883,0.9073791937540898,2.638095388766002,0.3602429009224255,7.323101668377048,-0.1311691260274029,0.876984126984127,5.0,0.08349206349206349,0.0210399999999999
2025-07-31,2026-02-03,126,1.1137547255512423,2.1786986742601937,0.9561745726213349,2.826618958570262,0.3579240023133006,7.897260145454133,-0.1311691260274029,0.873015873015873,5.0,0.08746031746031746,0.0220399999999999
2025-08-01,2026-02-04,126,1.1158754881915645,2.1917978600540255,0.9641957218776684,2.858064833842535,0.35682926280989313,8.009614489956274,-0.1311691260274029,0.8690476190476191,5.0,0.08746031746031746,0.0220399999999999
2025-08-04,2026-02-05,126,1.12076268424459,2.167473217114711,0.9339270013041332,2.740073646373197,0.35757055664971366,7.663029283077833,-0.1311691260274029,0.8650793650793651,5.0,0.08746031746031746,0.0220399999999999
2025-08-05,2026-02-06,126,1.132699350534881,2.157694492377405,0.9049136837224305,2.6286961424329602,0.35784718821225686,7.345862225620593,-0.1311691260274029,0.8611111111111112,5.0,0.08746031746031746,0.0220399999999999
2025-08-06,2026-02-09,126,1.1360558474757458,2.1823313717136963,0.9209719104590832,2.69013308077282,0.3578710760652345,7.5170452732605,-0.1311691260274029,0.8611111111111112,5.0,0.08349206349206349,0.0210399999999999
2025-08-07,2026-02-10,126,1.1281523616789926,2.1823664676028844,0.9344607534703373,2.742138406717025,0.3579364280955871,7.660964885040244,-0.1311691260274029,0.8587301587301588,5.0,0.08587301587301588,0.0216399999999999
2025-08-08,2026-02-11,126,1.14466264657956,2.1842609294194593,0.90821368719106,2.6412794759833007,0.35756364345277636,7.38687929924323,-0.1311691260274029,0.8563492063492064,5.0,0.08587301587301588,0.0216399999999999
2025-08-11,2026-02-12,126,1.1601982452373227,2.1923556178412373,0.8896387982320928,2.570734787784028,0.35733705540561156,7.194145552204206,-0.1311691260274029,0.853968253968254,5.0,0.08587301587301588,0.0216399999999999
2025-08-12,2026-02-13,126,1.1731178046063306,2.1944538122530655,0.8706167476415294,2.4992070165569733,0.35720335821815435,6.996594402202221,-0.1311691260274029,0.8515873015873017,5.0,0.08587301587301588,0.0216399999999999
2025-08-13,2026-02-24,126,1.196314628708871,2.1932565501583654,0.8333442536980837,2.3611511525677837,0.3572020490608048,6.610127682010738,-0.1311691260274029,0.8492063492063493,5.0,0.0842857142857143,0.0212399999999999
2025-08-14,2026-02-25,126,1.199158596896544,2.226657683858468,0.8568500360345332,2.4478920563214475,0.356889165628286,6.858969932617744,-0.1311691260274029,0.8484126984126986,5.0,0.0865079365079365,0.021799999999999903
2025-08-15,2026-02-26,126,1.2071163032829575,2.229087575664071,0.8466220442899239,2.410012974457498,0.35691405113712504,6.752362275397165,-0.1311691260274029,0.8476190476190477,5.0,0.0865079365079365,0.0217999999999999
2025-08-18,2026-02-27,126,1.2291139267629978,2.2270408982250323,0.8119076268952392,2.2830092484011373,0.35701112192062884,6.3947846669849655,-0.1311691260274029,0.8468253968253969,5.0,0.0865079365079365,0.0217999999999999
2025-08-19,2026-03-02,126,1.24411719875671,2.2459795810835494,0.8052797464162025,2.2590349628205484,0.3565600182469206,6.335637332327455,-0.1311691260274029,0.8460317460317462,5.0,0.0865079365079365,0.0217999999999999
2025-08-20,2026-03-03,126,1.2493974683450488,2.156440978288537,0.7259847509895772,1.9790233606485526,0.36197170749575736,5.467342667028054,-0.1311691260274029,0.8460317460317462,5.0,0.086984126984127,0.0219199999999998
2025-08-21,2026-03-04,126,1.2310277187420369,2.1955026910024076,0.7834713691467068,2.180770124566029,0.3624688798798683,6.016434087496817,-0.1311691260274029,0.8460317460317462,5.0,0.08698412698412698,0.0219199999999998
2025-08-22,2026-03-05,126,1.2792467607262077,2.207346085789402,0.7255045340402717,1.9773658969935353,0.36141653811536817,5.4711549928087075,-0.1311691260274029,0.8460317460317461,5.0,0.08698412698412698,0.021919999999999797
2025-08-25,2026-03-06,126,1.3677370443488934,2.1769395446986923,0.5916360192868921,1.533305217891424,0.3590632952794387,4.270292280078751,-0.1311691260274029,0.8460317460317461,5.0,0.086984126984127,0.0219199999999998
2025-08-26,2026-03-09,126,1.3547418065889254,2.212722507960438,0.6333167672235667,1.6677236620936426,0.34756005719230115,4.798375496787623,-0.1311691260274029,0.846031746031746,5.0,0.08698412698412698,0.021919999999999797
2025-08-27,2026-03-10,126,1.3371252851295483,2.243053720858346,0.6775194858730282,1.814071625483709,0.34728592843720574,5.223567893024261,-0.1311691260274029,0.846031746031746,5.0,0.09015873015873017,0.022719999999999803
2025-08-28,2026-03-11,126,1.416331933268535,2.2304631293067376,0.5748166633222724,1.4800475230774954,0.3467072627986453,4.26886795255008,-0.1311691260274029,0.846031746031746,5.0,0.09015873015873017,0.0227199999999998
2025-08-29,2026-03-12,126,1.3988477409754425,2.1918814589779183,0.5669192541637724,1.4552359490691527,0.339133556078764,4.291040868663474,-0.1311691260274029,0.846031746031746,5.0,0.09015873015873019,0.022719999999999803
2025-09-01,2026-03-13,126,1.4487222607892791,2.1815481526595075,0.5058429153086783,1.2675628855853391,0.3385815037349467,3.743745218219691,-0.1311691260274029,0.846031746031746,5.0,0.09015873015873017,0.0227199999999998
2025-09-02,2026-03-16,126,1.3673126458007747,2.177136056992878,0.5922737668514908,1.5353357486034356,0.3356294816516411,4.574496081357364,-0.1311691260274029,0.846031746031746,5.0,0.09015873015873019,0.022719999999999803
2025-09-03,2026-03-17,126,1.4398197720480606,2.1675114824467308,0.5054047211503221,1.2662433744616792,0.32497942991090634,3.8963800718366146,-0.1311691260274029,0.8420634920634921,5.0,0.09253968253968255,0.0233199999999998
2025-09-04,2026-03-18,126,1.3692611213435035,2.1915401490267805,0.6005275508563817,1.5616884410503276,0.317576391564986,4.917520579393439,-0.1311691260274029,0.838095238095238,5.0,0.09253968253968255,0.0233199999999998
2025-09-05,2026-03-19,126,1.45369815808618,2.185457392082472,0.5033776990951588,1.2601445061366539,0.3088349325082048,4.080317261724192,-0.1311691260274029,0.834126984126984,5.0,0.09253968253968255,0.0233199999999998
2025-09-08,2026-03-20,126,1.4279750934967372,2.2009852038059052,0.5413330483350858,1.375707565889928,0.2977910230234048,4.619707981532421,-0.1311691260274029,0.8301587301587301,5.0,0.09253968253968255,0.0233199999999998
2025-09-09,2026-03-23,126,1.4127472394716825,2.163688363414402,0.5315466935356004,1.3456352744798301,0.2976863434185651,4.5203124168440105,-0.1311691260274029,0.8261904761904761,5.0,0.09253968253968255,0.0233199999999998
2025-09-10,2026-03-24,126,1.4948883139209754,2.198580078825557,0.47073199940860655,1.1630526140844375,0.29753278422619484,3.9089897844677317,-0.1311691260274029,0.8222222222222222,5.0,0.09253968253968255,0.023319999999999796
2025-09-11,2026-03-25,126,1.6000969652538797,2.22171793538871,0.38848956259110246,0.927903265424431,0.28749437274556305,3.2275527919485216,-0.1311691260274029,0.8182539682539682,5.0,0.09253968253968256,0.023319999999999803
2025-09-12,2026-03-26,126,1.5935676394861729,2.223827107077808,0.39550217510369046,0.9474263207191311,0.2712781184465057,3.4924538925020507,-0.1311691260274029,0.8142857142857143,5.0,0.09253968253968256,0.0233199999999998
2025-09-15,2026-03-27,126,1.5534138924886942,2.231092657260273,0.43625125798629427,1.0628176760672128,0.27110486615554996,3.920319436307747,-0.1311691260274029,0.8103174603174603,5.0,0.09253968253968256,0.0233199999999998
2025-09-16,2026-03-30,126,1.6025835941040711,2.249174414178178,0.403467764460415,0.969721765879515,0.26826515456644384,3.614788388923372,-0.1311691260274029,0.8063492063492063,5.0,0.09253968253968256,0.023319999999999803
2025-09-17,2026-03-31,126,1.611335956018533,2.2321318029302266,0.3852677925996417,0.918966857213884,0.26558754727398853,3.460127805863762,-0.1311691260274029,0.7999999999999999,5.0,0.0923809523809524,0.0232799999999997
2025-09-18,2026-04-01,126,1.714775262473267,2.231764882227211,0.30149118142063447,0.6938792953156789,0.265591858693619,2.6125774288741397,-0.1311691260274029,0.7936507936507936,5.0,0.0923809523809524,0.0232799999999997
2025-09-19,2026-04-02,126,1.689568574083561,2.219565933355516,0.3136879836673283,0.7257761184319307,0.2510775988013744,2.890644652875172,-0.1311691260274029,0.7873015873015873,5.0,0.0923809523809524,0.0232799999999997
2025-09-22,2026-04-03,126,1.7399788992904606,2.213131448522907,0.2719300500858899,0.6178060523114943,0.2500394470616353,2.470834340627876,-0.1311691260274029,0.780952380952381,5.0,0.0923809523809524,0.023279999999999704
2025-09-23,2026-04-07,126,1.822949649678123,2.2145787007962614,0.2148326209598208,0.47581829694810773,0.24696455828139444,1.9266663211081265,-0.1311691260274029,0.7746031746031746,5.0,0.0923809523809524,0.0232799999999997
2025-09-24,2026-04-08,126,1.837277100556784,2.235191918980697,0.2165785543744736,0.48006337896388396,0.2385506379464489,2.01241708299959,-0.1311691260274029,0.7682539682539683,5.0,0.08984126984126985,0.022639999999999702
2025-09-25,2026-04-09,126,1.823679170566396,2.240497965731444,0.228559278349159,0.5093579004178064,0.23839394584590023,2.136622633642968,-0.1311691260274029,0.761904761904762,5.0,0.08984126984126985,0.022639999999999702
2025-09-26,2026-04-10,126,1.7586737935960113,2.242558272425221,0.27514168948853035,0.6259863282716636,0.23804725685357142,2.6296725135409678,-0.1311691260274029,0.7555555555555556,5.0,0.08984126984126986,0.022639999999999702
2025-09-29,2026-04-13,126,1.8155919043904956,2.240269059951591,0.23390562302802387,0.5225230865401758,0.23208903613022336,2.251390652710506,-0.1311691260274029,0.7492063492063492,5.0,0.08984126984126985,0.022639999999999702
2025-09-30,2026-04-14,126,1.79651155041809,2.2477544638635956,0.25117729598815597,0.5654446259962336,0.22806806752763142,2.479280120737321,-0.1311691260274029,0.742857142857143,5.0,0.09047619047619047,0.022799999999999702
2025-10-09,2026-04-15,126,1.8264683678279756,2.246416241475652,0.2299234309472742,0.5127116459931143,0.22742459564406647,2.254424788757411,-0.1311691260274029,0.7365079365079366,5.0,0.0873015873015873,0.0219999999999997
2025-10-10,2026-04-16,126,1.8223413849811552,2.252788896807843,0.23620574902936697,0.5282046539332583,0.22645718147686172,2.3324703172958445,-0.1311691260274029,0.7301587301587302,5.0,0.08730158730158731,0.0219999999999997
2025-10-13,2026-04-17,126,1.8094230382817655,2.25312773490041,0.24521888316398788,0.5505700669881692,0.22639688651537185,2.431880029192834,-0.1311691260274029,0.7238095238095239,5.0,0.08412698412698412,0.021199999999999698
2025-10-14,2026-04-20,126,1.7932884045722606,2.2553240887419044,0.25764717096904977,0.5816764066464544,0.2260492400787521,2.5732287639799507,-0.1311691260274029,0.7174603174603175,5.0,0.08412698412698412,0.0211999999999997
2025-10-15,2026-04-21,126,1.8427296401672089,2.30061703092612,0.24848321792737993,0.5587103454463056,0.2269751968636689,2.46154801567103,-0.1311691260274029,0.7214285714285714,5.0,0.08555555555555557,0.0215599999999997
2025-10-16,2026-04-22,126,1.8786373486213117,2.3511818483155835,0.2515357740763864,0.5663417937929798,0.2258532932278846,2.5075649139264238,-0.1311691260274029,0.7253968253968255,5.0,0.08555555555555558,0.0215599999999997
2025-10-17,2026-04-23,126,1.8501981300601689,2.383193807240876,0.28807491939437524,0.6591369979728263,0.22509628199608472,2.928244714340911,-0.1311691260274029,0.7293650793650793,5.0,0.08555555555555558,0.0215599999999997
2025-10-20,2026-04-24,126,1.879719307068317,2.3824426278410815,0.2674459526389774,0.606419242860925,0.2238050134397997,2.709587392795573,-0.1311691260274029,0.7333333333333334,5.0,0.08555555555555558,0.0215599999999997
2025-10-21,2026-04-27,126,1.893608819646808,2.4310828844007495,0.2838358478147509,0.6482344841342202,0.22444424879372357,2.8881759618175065,-0.1311691260274029,0.7373015873015872,5.0,0.08555555555555557,0.0215599999999997
2025-10-22,2026-04-28,126,1.8784151864051268,2.4440156128466803,0.30110511804580775,0.6928745282049953,0.2243664374099703,3.088138030818533,-0.1311691260274029,0.7412698412698412,5.0,0.08396825396825398,0.0211599999999997
2025-10-23,2026-04-29,126,1.8577013017065596,2.4612116788691805,0.3248694376260661,0.7552790267556087,0.22400626164069873,3.3716871181353856,-0.1311691260274029,0.7452380952380951,5.0,0.08396825396825398,0.0211599999999997
2025-10-24,2026-04-30,126,1.8808616337193569,2.4658455034000335,0.31101908784426935,0.71877104869202,0.22321294502981248,3.2201136390007328,-0.1311691260274029,0.7492063492063491,5.0,0.08396825396825398,0.0211599999999997
2025-10-27,2026-05-06,126,1.910981326361235,2.5059345071413235,0.31133385374987377,0.7195964759904954,0.2236200683465484,3.2179422952117274,-0.1311691260274029,0.753174603174603,5.0,0.08396825396825397,0.0211599999999997
2025-10-28,2026-05-07,126,1.9057845546646417,2.534859760169227,0.33008726194408844,0.7691321243859222,0.22316307275585937,3.446502662326009,-0.1311691260274029,0.753174603174603,5.0,0.09111111111111111,0.0229599999999997
2025-10-29,2026-05-08,126,1.940190184867955,2.551076028204132,0.3148587432822998,0.7288535147859088,0.2231188558702655,3.266660327487997,-0.1311691260274029,0.753174603174603,5.0,0.08793650793650795,0.0221599999999997
2025-10-30,2026-05-11,126,1.929186715427594,2.5795862106364695,0.33713662343186823,0.7879343497227778,0.22236388664357704,3.543445662945005,-0.1311691260274029,0.753174603174603,5.0,0.08793650793650795,0.0221599999999997
2025-10-31,2026-05-12,126,1.9312812362378344,2.6019206487089725,0.34725103723244066,0.8150853573238872,0.22224462275190726,3.667514413762761,-0.1311691260274029,0.7571428571428571,5.0,0.0919047619047619,0.023159999999999698
2025-11-03,2026-05-13,126,1.9543462710876365,2.6432578465094108,0.35250231016552647,0.8292624990030859,0.22303606253592553,3.7180646464717446,-0.1311691260274029,0.7611111111111111,5.0,0.0919047619047619,0.0231599999999997
2025-11-04,2026-05-14,126,1.9643365386248144,2.5923419095448197,0.3197035531190888,0.7416174681151477,0.22474452682911028,3.299824376497737,-0.1311691260274029,0.765079365079365,5.0,0.0919047619047619,0.023159999999999698
2025-11-05,2026-05-15,126,1.9854929525452432,2.630616666464556,0.3249186621852853,0.7554094614068463,0.22539253669290932,3.351528282571616,-0.1311691260274029,0.7698412698412699,5.0,0.08984126984126985,0.022639999999999702
2025-11-06,2026-05-18,126,1.9996986180957668,2.6890039111969237,0.3447045904135069,0.8082304354791572,0.22680897272187658,3.563485279174761,-0.1311691260274029,0.7746031746031744,5.0,0.08984126984126985,0.022639999999999702
2025-11-07,2026-05-19,126,2.0110366409124385,2.8105494960518396,0.3975625500173132,0.9531810812108952,0.23456523022245535,4.063607723561263,-0.1311691260274029,0.7793650793650793,5.0,0.08984126984126985,0.022639999999999702
2025-11-10,2026-05-20,126,1.9970495638545265,2.788198036919834,0.3961586569430471,0.949258995357013,0.23501799282239064,4.039090726446606,-0.1311691260274029,0.784126984126984,5.0,0.08984126984126985,0.0226399999999997
2025-11-11,2026-05-21,126,1.9719551443397445,2.7535504688159476,0.39635552903912474,0.949808763478134,0.23559350255961853,4.031557547890263,-0.1311691260274029,0.7888888888888888,5.0,0.08984126984126985,0.0226399999999997
2025-11-12,2026-05-22,126,1.908011380845122,2.908769990594648,0.524503480323192,1.324110861517525,0.24644288688315683,5.372891375620473,-0.1311691260274029,0.7888888888888888,5.0,0.08380952380952382,0.0211199999999998
2025-11-13,2026-05-25,126,1.9095172946195216,2.9952249631410304,0.5685770281215705,1.4604338931506984,0.24400541890592767,5.985251883745028,-0.1311691260274029,0.7888888888888888,5.0,0.08380952380952383,0.0211199999999998
2025-11-14,2026-05-26,126,1.8980279205483668,3.030964380399464,0.5969018935842503,1.5500956577329643,0.24424397590479155,6.346505177827622,-0.1311691260274029,0.7888888888888889,5.0,0.086984126984127,0.021919999999999797
2025-11-17,2026-05-27,126,1.9109480328260735,3.0433003268939505,0.5925604854849231,1.536248899927974,0.24384676102522634,6.3000586658153175,-0.1311691260274029,0.7888888888888888,5.0,0.08698412698412701,0.021919999999999797
2025-11-18,2026-05-28,126,1.8701788064543223,3.17480704513455,0.6975954567433453,1.881830334755647,0.25003652855303754,7.526221651075574,-0.1311691260274029,0.7888888888888888,5.0,0.086984126984127,0.021919999999999797
2025-11-19,2026-05-29,126,1.8542955940273371,3.1113530132737734,0.6779164138098599,1.8154034917325408,0.24976872951026913,7.268337775077249,-0.1311691260274029,0.7888888888888888,5.0,0.08380952380952382,0.021119999999999795
2025-11-20,2026-06-01,126,1.8365636992740528,3.005306570562516,0.636374807881936,1.677722511870643,0.25491205902715575,6.581573732813933,-0.1311691260274029,0.7888888888888889,5.0,0.08380952380952382,0.0211199999999998
2025-11-21,2026-06-02,126,1.74725072231487,3.0805705277109725,0.7630958673347317,2.1085070374128096,0.25589710129151705,8.239667533438787,-0.1311691260274029,0.7888888888888888,5.0,0.086984126984127,0.021919999999999797
2025-11-24,2026-06-03,126,1.7567876395053243,3.1125979036948452,0.7717553526112522,2.1391170295066226,0.24477043141219165,8.739278748519935,-0.1264268369032587,0.7888888888888888,5.0,0.086984126984127,0.021919999999999797
2025-11-25,2026-06-04,126,1.8115842783292888,3.162396469373246,0.7456524144102901,2.0473023519364753,0.24528454283386095,8.346642345592802,-0.0991788804467804,0.7888888888888888,5.0,0.086984126984127,0.021919999999999797
2025-11-26,2026-06-05,126,1.813904007994966,3.1435848535869217,0.7330491799628054,2.0034594601697524,0.2428578334955605,8.249515493624694,-0.0980253809935707,0.7888888888888889,5.0,0.08380952380952382,0.0211199999999998
