asset_id,symbol,name,exchange,board,list_date,reason_bucket
CN:SH:603014,603014,威高血净,SH,SSE_MAIN,2025-05-19,listed_since_2025
CN:SH:603382,603382,海阳科技,SH,SSE_MAIN,2025-06-12,listed_since_2025
CN:SH:688755,688755,汉邦科技,SH,STAR,2025-05-16,listed_since_2025
CN:SH:600897,600897,厦门空港,SH,SSE_MAIN,1996-05-31,normal_missing
CN:SH:601089,601089,XD福元医,SH,SSE_MAIN,2022-06-30,normal_missing
CN:SH:603016,603016,新宏泰,SH,SSE_MAIN,2016-07-01,normal_missing
CN:SH:603070,603070,万控智造,SH,SSE_MAIN,2022-03-10,normal_missing
CN:SH:603073,603073,彩蝶实业,SH,SSE_MAIN,2023-03-16,normal_missing
CN:SH:603130,603130,云中马,SH,SSE_MAIN,2022-11-18,normal_missing
CN:SH:603151,603151,邦基科技,SH,SSE_MAIN,2022-10-19,normal_missing
CN:SH:603159,603159,上海亚虹,SH,SSE_MAIN,2016-08-12,normal_missing
CN:SH:603170,603170,XD宝立食,SH,SSE_MAIN,2022-07-15,normal_missing
CN:SH:603217,603217,元利科技,SH,SSE_MAIN,2019-06-20,normal_missing
CN:SH:603230,603230,内蒙新华,SH,SSE_MAIN,2021-12-24,normal_missing
CN:SH:603255,603255,鼎际得,SH,SSE_MAIN,2022-08-18,normal_missing
CN:SH:603291,603291,联合水务,SH,SSE_MAIN,2023-03-27,normal_missing
CN:SH:603325,603325,博隆技术,SH,SSE_MAIN,2024-01-10,normal_missing
CN:SH:603332,603332,苏州龙杰,SH,SSE_MAIN,2019-01-17,normal_missing
CN:SH:603351,603351,威尔药业,SH,SSE_MAIN,2019-01-30,normal_missing
CN:SH:603520,603520,司太立,SH,SSE_MAIN,2016-03-09,normal_missing
CN:SH:603586,603586,金麒麟,SH,SSE_MAIN,2017-04-06,normal_missing
CN:SH:603711,603711,香飘飘,SH,SSE_MAIN,2017-11-30,normal_missing
CN:SH:603868,603868,飞科电器,SH,SSE_MAIN,2016-04-18,normal_missing
CN:SH:603878,603878,武进不锈,SH,SSE_MAIN,2016-12-19,normal_missing
CN:SH:603897,603897,长城科技,SH,SSE_MAIN,2018-04-10,normal_missing
CN:SH:603901,603901,永创智能,SH,SSE_MAIN,2015-05-29,normal_missing
CN:SH:603926,603926,铁流股份,SH,SSE_MAIN,2017-05-10,normal_missing
CN:SH:605005,605005,合兴股份,SH,SSE_MAIN,2021-01-19,normal_missing
CN:SH:605055,605055,迎丰股份,SH,SSE_MAIN,2021-01-29,normal_missing
CN:SH:605138,605138,盛泰集团,SH,SSE_MAIN,2021-10-27,normal_missing
CN:SH:605577,605577,龙版传媒,SH,SSE_MAIN,2021-08-24,normal_missing
CN:SH:688013,688013,天臣医疗,SH,STAR,2020-09-28,normal_missing
CN:SH:688108,688108,赛诺医疗,SH,STAR,2019-10-30,normal_missing
CN:SH:688129,688129,东来技术,SH,STAR,2020-10-23,normal_missing
CN:SH:688198,688198,佰仁医疗,SH,STAR,2019-12-09,normal_missing
CN:SH:688211,688211,中科微至,SH,STAR,2021-10-26,normal_missing
CN:SH:688277,688277,天智航,SH,STAR,2020-07-07,normal_missing
CN:SH:688310,688310,迈得医疗,SH,STAR,2019-12-03,normal_missing
CN:SH:688410,688410,山外山,SH,STAR,2022-12-26,normal_missing
CN:SH:688576,688576,西山科技,SH,STAR,2023-06-06,normal_missing
CN:SZ:000042,000042,中洲控股,SZ,SZSE_MAIN,1994-09-21,normal_missing
CN:SZ:000403,000403,派林生物,SZ,SZSE_MAIN,1996-06-28,normal_missing
CN:SZ:000520,000520,凤凰航运,SZ,SZSE_MAIN,1993-10-25,normal_missing
CN:SZ:000635,000635,英 力 特,SZ,SZSE_MAIN,1996-11-20,normal_missing
CN:SZ:000691,000691,亚太实业,SZ,SZSE_MAIN,1997-02-28,normal_missing
CN:SZ:000949,000949,新乡化纤,SZ,SZSE_MAIN,1999-10-21,normal_missing
CN:SZ:001218,001218,丽臣实业,SZ,SZSE_MAIN,2021-10-15,normal_missing
CN:SZ:001236,001236,弘业期货,SZ,SZSE_MAIN,2022-08-05,normal_missing
CN:SZ:001277,001277,速达股份,SZ,SZSE_MAIN,2024-09-03,normal_missing
CN:SZ:002072,002072,凯瑞德,SZ,SZSE_MAIN,2006-10-18,normal_missing
CN:SZ:002283,002283,天润工业,SZ,SZSE_MAIN,2009-08-21,normal_missing
CN:SZ:002931,002931,锋龙股份,SZ,SZSE_MAIN,2018-04-03,normal_missing
CN:SZ:002989,002989,中天精装,SZ,SZSE_MAIN,2020-06-10,normal_missing
CN:SZ:300126,300126,锐奇股份,SZ,CHINEXT,2010-10-13,normal_missing
CN:SZ:300154,300154,瑞凌股份,SZ,CHINEXT,2010-12-29,normal_missing
CN:SZ:300193,300193,佳士科技,SZ,CHINEXT,2011-03-22,normal_missing
CN:SZ:300478,300478,杭州高新,SZ,CHINEXT,2015-06-10,normal_missing
CN:SZ:300702,300702,天宇股份,SZ,CHINEXT,2017-09-19,normal_missing
CN:SZ:300743,300743,天地数码,SZ,CHINEXT,2018-04-27,normal_missing
CN:SZ:300984,300984,金沃股份,SZ,CHINEXT,2021-06-18,normal_missing
CN:SZ:301081,301081,严牌股份,SZ,CHINEXT,2021-10-20,normal_missing
CN:SZ:301097,301097,天益医疗,SZ,CHINEXT,2022-04-07,normal_missing
CN:SZ:301119,301119,正强股份,SZ,CHINEXT,2021-11-22,normal_missing
CN:SZ:301122,301122,采纳股份,SZ,CHINEXT,2022-01-26,normal_missing
CN:SZ:301138,301138,华研精机,SZ,CHINEXT,2021-12-15,normal_missing
CN:SZ:301192,301192,泰祥股份,SZ,CHINEXT,2022-08-11,normal_missing
CN:SZ:301222,301222,浙江恒威,SZ,CHINEXT,2022-03-09,normal_missing
CN:SZ:301367,301367,瑞迈特,SZ,CHINEXT,2022-11-01,normal_missing
CN:SZ:301559,301559,中集环科,SZ,CHINEXT,2023-10-11,normal_missing
CN:SH:600193,600193,*ST创兴,SH,SSE_MAIN,1999-05-27,st_or_retire_like
CN:SH:600421,600421,退市华嵘,SH,SSE_MAIN,2004-06-07,st_or_retire_like
CN:SH:600599,600599,退市熊猫,SH,SSE_MAIN,2001-08-28,st_or_retire_like
CN:SH:600608,600608,*ST沪科,SH,SSE_MAIN,1992-03-27,st_or_retire_like
CN:SH:600636,600636,退市国化,SH,SSE_MAIN,1993-03-16,st_or_retire_like
CN:SH:600696,600696,退市岩石,SH,SSE_MAIN,1993-12-06,st_or_retire_like
CN:SH:605081,605081,*ST太和,SH,SSE_MAIN,2021-02-09,st_or_retire_like
CN:SH:688287,688287,退市观典,SH,STAR,2022-05-25,st_or_retire_like
CN:SZ:000638,000638,*ST万方,SZ,SZSE_MAIN,1996-11-26,st_or_retire_like
